step,cut_edges,min_pop,max_pop,pop_range
1,608,41481.0,92481.0,51000.0
2,609,41481.0,92481.0,51000.0
3,612,41481.0,92481.0,51000.0
4,613,42011.0,92481.0,50470.0
5,614,42011.0,92481.0,50470.0
6,613,42011.0,92481.0,50470.0
7,607,42011.0,92481.0,50470.0
8,605,42011.0,92481.0,50470.0
9,603,42011.0,92481.0,50470.0
10,602,42011.0,92481.0,50470.0
11,599,42011.0,92193.0,50182.0
12,596,42011.0,92193.0,50182.0
13,596,42011.0,92193.0,50182.0
14,596,41377.0,92476.0,51099.0
15,597,41377.0,92476.0,51099.0
16,595,41377.0,92476.0,51099.0
17,593,41377.0,92476.0,51099.0
18,595,41377.0,92476.0,51099.0
19,595,41377.0,92476.0,51099.0
20,596,41377.0,92476.0,51099.0
21,596,41377.0,92476.0,51099.0
22,594,41377.0,92476.0,51099.0
23,595,41377.0,92476.0,51099.0
24,595,41377.0,92476.0,51099.0
25,595,41377.0,92476.0,51099.0
26,596,41377.0,92476.0,51099.0
27,596,41377.0,92476.0,51099.0
28,594,41377.0,91120.0,49743.0
29,589,41377.0,91120.0,49743.0
30,594,41377.0,91120.0,49743.0
31,588,41377.0,91120.0,49743.0
32,588,41377.0,91120.0,49743.0
33,588,41377.0,91120.0,49743.0
34,584,41377.0,91120.0,49743.0
35,584,41377.0,91120.0,49743.0
36,581,41086.0,91120.0,50034.0
37,583,41086.0,91120.0,50034.0
38,584,41086.0,91120.0,50034.0
39,589,41086.0,91120.0,50034.0
40,588,41086.0,91120.0,50034.0
41,587,41086.0,91120.0,50034.0
42,588,41086.0,91120.0,50034.0
43,586,39964.0,91120.0,51156.0
44,580,39964.0,92781.0,52817.0
45,579,39964.0,92781.0,52817.0
46,578,39964.0,92781.0,52817.0
47,580,39964.0,92781.0,52817.0
48,580,39964.0,92781.0,52817.0
49,579,39964.0,92781.0,52817.0
50,579,39964.0,92440.0,52476.0
51,581,39964.0,92440.0,52476.0
52,583,39964.0,91388.0,51424.0
53,581,39964.0,91388.0,51424.0
54,580,39964.0,91388.0,51424.0
55,578,39964.0,91388.0,51424.0
56,581,39964.0,91388.0,51424.0
57,582,39964.0,91388.0,51424.0
58,583,39964.0,91120.0,51156.0
59,584,39964.0,91120.0,51156.0
60,582,39964.0,92193.0,52229.0
61,582,39964.0,92193.0,52229.0
62,582,39964.0,92193.0,52229.0
63,575,39964.0,92193.0,52229.0
64,576,39964.0,92193.0,52229.0
65,576,39964.0,92193.0,52229.0
66,575,40674.0,92193.0,51519.0
67,575,40674.0,92193.0,51519.0
68,576,40674.0,92193.0,51519.0
69,575,40674.0,92193.0,51519.0
70,575,40674.0,92193.0,51519.0
71,573,40674.0,92193.0,51519.0
72,568,40674.0,92193.0,51519.0
73,566,40674.0,92193.0,51519.0
74,566,40674.0,92193.0,51519.0
75,567,40674.0,92193.0,51519.0
76,562,40674.0,92193.0,51519.0
77,568,40674.0,92193.0,51519.0
78,566,40674.0,92193.0,51519.0
79,564,40674.0,92193.0,51519.0
80,564,40674.0,92193.0,51519.0
81,566,40674.0,92193.0,51519.0
82,565,40674.0,92193.0,51519.0
83,565,40674.0,92193.0,51519.0
84,566,40674.0,92193.0,51519.0
85,569,40674.0,92991.0,52317.0
86,571,40674.0,92991.0,52317.0
87,567,40674.0,92991.0,52317.0
88,564,40674.0,92991.0,52317.0
89,565,40674.0,92991.0,52317.0
90,562,40674.0,92991.0,52317.0
91,567,40674.0,92991.0,52317.0
92,567,42011.0,92991.0,50980.0
93,568,42011.0,92991.0,50980.0
94,568,42011.0,88946.0,46935.0
95,565,42011.0,88946.0,46935.0
96,565,42011.0,88946.0,46935.0
97,568,42011.0,87497.0,45486.0
98,569,42011.0,88058.0,46047.0
99,571,42011.0,88058.0,46047.0
100,568,42011.0,92772.0,50761.0
101,563,42011.0,92772.0,50761.0
102,566,42011.0,92882.0,50871.0
103,563,42011.0,92772.0,50761.0
104,564,42011.0,92772.0,50761.0
105,564,42011.0,92772.0,50761.0
106,565,42011.0,89374.0,47363.0
107,567,42011.0,89374.0,47363.0
108,561,39936.0,89374.0,49438.0
109,571,39936.0,89374.0,49438.0
110,572,39936.0,89374.0,49438.0
111,576,39936.0,89374.0,49438.0
112,578,39936.0,89374.0,49438.0
113,576,39936.0,89374.0,49438.0
114,582,39936.0,89374.0,49438.0
115,588,42011.0,89374.0,47363.0
116,587,41867.0,89374.0,47507.0
117,588,41867.0,90513.0,48646.0
118,583,41867.0,90513.0,48646.0
119,582,41867.0,90513.0,48646.0
120,579,41867.0,90513.0,48646.0
121,575,41867.0,90513.0,48646.0
122,572,41867.0,90513.0,48646.0
123,578,41867.0,90513.0,48646.0
124,576,41867.0,90513.0,48646.0
125,574,41867.0,90513.0,48646.0
126,575,42011.0,90513.0,48502.0
127,575,42011.0,90513.0,48502.0
128,581,42011.0,90625.0,48614.0
129,581,42011.0,90625.0,48614.0
130,578,42011.0,91368.0,49357.0
131,572,42011.0,91368.0,49357.0
132,575,42011.0,91368.0,49357.0
133,573,42011.0,91368.0,49357.0
134,577,42011.0,91368.0,49357.0
135,575,42011.0,91368.0,49357.0
136,569,42011.0,91368.0,49357.0
137,572,42011.0,91368.0,49357.0
138,567,42011.0,91368.0,49357.0
139,570,42011.0,91368.0,49357.0
140,569,42011.0,91368.0,49357.0
141,569,42011.0,91368.0,49357.0
142,573,42011.0,91368.0,49357.0
143,573,42011.0,91368.0,49357.0
144,575,42011.0,91368.0,49357.0
145,578,40649.0,91368.0,50719.0
146,578,40649.0,91368.0,50719.0
147,582,40649.0,91368.0,50719.0
148,578,40649.0,92925.0,52276.0
149,579,40649.0,92925.0,52276.0
150,584,40649.0,92925.0,52276.0
151,585,40649.0,92925.0,52276.0
152,582,40649.0,92925.0,52276.0
153,581,40649.0,92925.0,52276.0
154,586,40649.0,92925.0,52276.0
155,579,40649.0,92925.0,52276.0
156,591,40649.0,92925.0,52276.0
157,591,40649.0,92925.0,52276.0
158,591,40649.0,92925.0,52276.0
159,590,40649.0,92925.0,52276.0
160,591,40649.0,92925.0,52276.0
161,592,40649.0,92925.0,52276.0
162,588,40649.0,92925.0,52276.0
163,588,40649.0,92925.0,52276.0
164,588,40649.0,92925.0,52276.0
165,583,40649.0,92925.0,52276.0
166,586,40649.0,92925.0,52276.0
167,588,40649.0,92925.0,52276.0
168,593,40649.0,92925.0,52276.0
169,594,40649.0,92925.0,52276.0
170,590,40649.0,92925.0,52276.0
171,595,40649.0,92925.0,52276.0
172,595,40649.0,92925.0,52276.0
173,595,40649.0,92925.0,52276.0
174,596,40649.0,92925.0,52276.0
175,597,40649.0,92925.0,52276.0
176,603,40649.0,92925.0,52276.0
177,603,40649.0,92925.0,52276.0
178,607,40649.0,92925.0,52276.0
179,609,40649.0,91940.0,51291.0
180,605,40649.0,91940.0,51291.0
181,605,40649.0,91940.0,51291.0
182,606,40649.0,91940.0,51291.0
183,607,40649.0,91940.0,51291.0
184,607,40649.0,91940.0,51291.0
185,604,40649.0,91940.0,51291.0
186,604,40649.0,91940.0,51291.0
187,605,40649.0,91940.0,51291.0
188,612,40649.0,91940.0,51291.0
189,615,40649.0,91940.0,51291.0
190,615,40649.0,91940.0,51291.0
191,615,40649.0,91940.0,51291.0
192,616,40649.0,91940.0,51291.0
193,613,40649.0,91940.0,51291.0
194,610,40649.0,91940.0,51291.0
195,605,40649.0,91940.0,51291.0
196,606,40649.0,91940.0,51291.0
197,603,40649.0,91940.0,51291.0
198,603,40649.0,91940.0,51291.0
199,603,40649.0,91940.0,51291.0
200,604,40649.0,91940.0,51291.0
201,603,40649.0,91940.0,51291.0
202,601,40649.0,91940.0,51291.0
203,601,42011.0,91940.0,49929.0
204,600,42011.0,91940.0,49929.0
205,602,42011.0,91940.0,49929.0
206,601,42011.0,91940.0,49929.0
207,605,42011.0,91940.0,49929.0
208,604,42011.0,91940.0,49929.0
209,604,42011.0,91940.0,49929.0
210,604,42011.0,92636.0,50625.0
211,596,42011.0,92636.0,50625.0
212,587,42011.0,92636.0,50625.0
213,583,42011.0,92636.0,50625.0
214,577,42011.0,92636.0,50625.0
215,578,42011.0,92636.0,50625.0
216,578,42011.0,92636.0,50625.0
217,577,42011.0,92636.0,50625.0
218,579,42011.0,92636.0,50625.0
219,582,42011.0,92730.0,50719.0
220,580,42011.0,92730.0,50719.0
221,579,42011.0,92730.0,50719.0
222,582,42011.0,92730.0,50719.0
223,582,42011.0,92730.0,50719.0
224,581,42011.0,92730.0,50719.0
225,579,43043.0,92730.0,49687.0
226,578,43043.0,92730.0,49687.0
227,582,43043.0,92730.0,49687.0
228,584,43043.0,92730.0,49687.0
229,583,43043.0,92730.0,49687.0
230,587,43043.0,92730.0,49687.0
231,587,43043.0,92730.0,49687.0
232,587,43043.0,92730.0,49687.0
233,588,43043.0,92730.0,49687.0
234,587,43043.0,92730.0,49687.0
235,586,41988.0,92730.0,50742.0
236,586,41988.0,92730.0,50742.0
237,586,41988.0,92730.0,50742.0
238,588,41988.0,92730.0,50742.0
239,593,41988.0,92730.0,50742.0
240,593,41988.0,92730.0,50742.0
241,597,41988.0,92730.0,50742.0
242,600,41988.0,92730.0,50742.0
243,600,41988.0,92730.0,50742.0
244,605,41988.0,92730.0,50742.0
245,604,41988.0,92730.0,50742.0
246,606,41988.0,92730.0,50742.0
247,601,41988.0,92730.0,50742.0
248,601,41988.0,92730.0,50742.0
249,603,41988.0,92730.0,50742.0
250,603,41988.0,92730.0,50742.0
251,597,41988.0,92730.0,50742.0
252,598,41988.0,92730.0,50742.0
253,602,41988.0,92730.0,50742.0
254,591,41988.0,92730.0,50742.0
255,587,41988.0,92656.0,50668.0
256,589,41988.0,92656.0,50668.0
257,591,41988.0,92656.0,50668.0
258,593,41988.0,92656.0,50668.0
259,591,41988.0,92656.0,50668.0
260,590,41988.0,92656.0,50668.0
261,592,41988.0,92656.0,50668.0
262,591,41988.0,92656.0,50668.0
263,589,41988.0,92351.0,50363.0
264,586,41988.0,92351.0,50363.0
265,586,41988.0,92351.0,50363.0
266,585,41988.0,92351.0,50363.0
267,585,41988.0,92351.0,50363.0
268,581,41988.0,92351.0,50363.0
269,581,41988.0,90596.0,48608.0
270,579,41988.0,90596.0,48608.0
271,578,41988.0,91398.0,49410.0
272,580,41173.0,91398.0,50225.0
273,580,41173.0,91398.0,50225.0
274,577,41173.0,91398.0,50225.0
275,577,41173.0,92828.0,51655.0
276,579,41173.0,92828.0,51655.0
277,580,41173.0,92828.0,51655.0
278,575,41173.0,92828.0,51655.0
279,579,41173.0,92828.0,51655.0
280,584,41173.0,92828.0,51655.0
281,587,41173.0,92828.0,51655.0
282,586,41173.0,92828.0,51655.0
283,583,41173.0,92828.0,51655.0
284,581,41173.0,92828.0,51655.0
285,582,41173.0,92828.0,51655.0
286,579,41173.0,92828.0,51655.0
287,582,41173.0,92828.0,51655.0
288,575,41173.0,93041.0,51868.0
289,580,41173.0,93041.0,51868.0
290,579,41173.0,93041.0,51868.0
291,579,41173.0,92828.0,51655.0
292,580,41173.0,92828.0,51655.0
293,575,41173.0,92828.0,51655.0
294,576,41173.0,92828.0,51655.0
295,576,41173.0,92828.0,51655.0
296,578,41173.0,92828.0,51655.0
297,577,41173.0,92828.0,51655.0
298,579,41173.0,92828.0,51655.0
299,582,41173.0,92828.0,51655.0
300,580,41173.0,92828.0,51655.0
301,580,41173.0,92828.0,51655.0
302,578,41173.0,92828.0,51655.0
303,578,41173.0,92828.0,51655.0
304,569,41173.0,92828.0,51655.0
305,564,41173.0,92828.0,51655.0
306,566,41173.0,92828.0,51655.0
307,570,41173.0,92828.0,51655.0
308,568,41173.0,92828.0,51655.0
309,567,41173.0,92828.0,51655.0
310,570,41173.0,92828.0,51655.0
311,573,41173.0,92828.0,51655.0
312,569,40180.0,92828.0,52648.0
313,572,40180.0,92828.0,52648.0
314,574,40180.0,92828.0,52648.0
315,573,40180.0,92828.0,52648.0
316,575,40180.0,92828.0,52648.0
317,585,40180.0,92052.0,51872.0
318,590,40180.0,92052.0,51872.0
319,591,40180.0,92052.0,51872.0
320,590,40180.0,92052.0,51872.0
321,589,40180.0,92052.0,51872.0
322,589,40180.0,92052.0,51872.0
323,589,40180.0,92052.0,51872.0
324,590,40180.0,92052.0,51872.0
325,589,40180.0,90529.0,50349.0
326,587,40180.0,90529.0,50349.0
327,597,40180.0,90529.0,50349.0
328,601,40180.0,90529.0,50349.0
329,598,40180.0,90529.0,50349.0
330,600,40180.0,90529.0,50349.0
331,600,40180.0,90529.0,50349.0
332,603,40180.0,90529.0,50349.0
333,603,40180.0,92287.0,52107.0
334,604,40180.0,92287.0,52107.0
335,604,40180.0,92287.0,52107.0
336,600,40180.0,92287.0,52107.0
337,601,40180.0,92287.0,52107.0
338,600,40180.0,92287.0,52107.0
339,599,40180.0,92287.0,52107.0
340,605,40180.0,90624.0,50444.0
341,605,40180.0,90624.0,50444.0
342,609,40180.0,90624.0,50444.0
343,607,40180.0,90624.0,50444.0
344,600,40180.0,91541.0,51361.0
345,599,40180.0,91541.0,51361.0
346,598,40180.0,91541.0,51361.0
347,599,40180.0,91541.0,51361.0
348,598,40180.0,91541.0,51361.0
349,602,40180.0,91541.0,51361.0
350,610,40180.0,90624.0,50444.0
351,611,40180.0,90624.0,50444.0
352,610,40180.0,90624.0,50444.0
353,616,40180.0,90624.0,50444.0
354,614,40180.0,90624.0,50444.0
355,616,40180.0,90624.0,50444.0
356,616,40180.0,90624.0,50444.0
357,617,40180.0,93103.0,52923.0
358,601,40180.0,93103.0,52923.0
359,601,40180.0,90624.0,50444.0
360,601,40180.0,90624.0,50444.0
361,600,40180.0,90624.0,50444.0
362,597,40180.0,90624.0,50444.0
363,596,40180.0,90624.0,50444.0
364,595,40180.0,91997.0,51817.0
365,599,40180.0,91997.0,51817.0
366,598,40180.0,91997.0,51817.0
367,608,40180.0,91997.0,51817.0
368,614,40180.0,91997.0,51817.0
369,612,40180.0,91997.0,51817.0
370,612,40180.0,91997.0,51817.0
371,612,40180.0,91997.0,51817.0
372,613,40180.0,91997.0,51817.0
373,612,40180.0,91997.0,51817.0
374,622,40180.0,91997.0,51817.0
375,622,40180.0,92773.0,52593.0
376,617,40180.0,92664.0,52484.0
377,613,40180.0,92664.0,52484.0
378,611,40180.0,92664.0,52484.0
379,605,40180.0,91997.0,51817.0
380,604,40180.0,91997.0,51817.0
381,604,40180.0,91997.0,51817.0
382,606,40180.0,91997.0,51817.0
383,607,40180.0,91997.0,51817.0
384,610,40180.0,91997.0,51817.0
385,610,40180.0,91997.0,51817.0
386,606,40180.0,91997.0,51817.0
387,604,40180.0,91997.0,51817.0
388,605,40180.0,91997.0,51817.0
389,593,40180.0,91997.0,51817.0
390,587,40180.0,91997.0,51817.0
391,588,40180.0,91997.0,51817.0
392,590,40180.0,92863.0,52683.0
393,590,40180.0,92863.0,52683.0
394,590,40228.0,92863.0,52635.0
395,589,40228.0,91997.0,51769.0
396,585,40228.0,91997.0,51769.0
397,584,40228.0,91997.0,51769.0
398,578,40228.0,91997.0,51769.0
399,573,40228.0,91997.0,51769.0
400,571,40228.0,91997.0,51769.0
401,573,40228.0,91249.0,51021.0
402,579,40228.0,91249.0,51021.0
403,580,40228.0,91249.0,51021.0
404,580,40228.0,91249.0,51021.0
405,580,40228.0,91249.0,51021.0
406,580,41604.0,91249.0,49645.0
407,580,41604.0,91249.0,49645.0
408,586,41143.0,91249.0,50106.0
409,582,41143.0,91249.0,50106.0
410,579,41143.0,91249.0,50106.0
411,582,41143.0,91249.0,50106.0
412,576,41604.0,91249.0,49645.0
413,580,41879.0,91249.0,49370.0
414,584,41879.0,91499.0,49620.0
415,581,41879.0,91499.0,49620.0
416,580,42884.0,91499.0,48615.0
417,582,42884.0,92353.0,49469.0
418,580,42884.0,91499.0,48615.0
419,579,42884.0,91499.0,48615.0
420,578,42884.0,91499.0,48615.0
421,578,42884.0,91499.0,48615.0
422,576,42884.0,91499.0,48615.0
423,576,42884.0,90730.0,47846.0
424,575,42884.0,90730.0,47846.0
425,575,42884.0,90730.0,47846.0
426,577,42884.0,90730.0,47846.0
427,579,42884.0,90730.0,47846.0
428,580,42884.0,90730.0,47846.0
429,578,42884.0,92652.0,49768.0
430,584,41134.0,92652.0,51518.0
431,584,41134.0,92652.0,51518.0
432,588,41134.0,90730.0,49596.0
433,590,41134.0,90730.0,49596.0
434,589,41134.0,90730.0,49596.0
435,592,41134.0,90730.0,49596.0
436,587,41134.0,90730.0,49596.0
437,589,41134.0,90730.0,49596.0
438,588,41134.0,92497.0,51363.0
439,592,41134.0,92497.0,51363.0
440,595,41134.0,92497.0,51363.0
441,591,41134.0,92497.0,51363.0
442,590,41134.0,92497.0,51363.0
443,592,41134.0,92497.0,51363.0
444,590,41134.0,92497.0,51363.0
445,589,41134.0,92497.0,51363.0
446,590,41134.0,92497.0,51363.0
447,588,41134.0,92497.0,51363.0
448,590,41134.0,92497.0,51363.0
449,591,41134.0,92497.0,51363.0
450,591,41134.0,92497.0,51363.0
451,593,41134.0,92690.0,51556.0
452,591,41134.0,92690.0,51556.0
453,593,41134.0,92690.0,51556.0
454,595,41134.0,92690.0,51556.0
455,597,41134.0,92690.0,51556.0
456,593,41134.0,92690.0,51556.0
457,596,41134.0,92690.0,51556.0
458,598,41134.0,92690.0,51556.0
459,596,41134.0,92690.0,51556.0
460,593,40271.0,92690.0,52419.0
461,590,40271.0,92690.0,52419.0
462,589,40271.0,90964.0,50693.0
463,587,40271.0,90964.0,50693.0
464,587,40271.0,90964.0,50693.0
465,587,40271.0,90964.0,50693.0
466,588,40271.0,90964.0,50693.0
467,584,40271.0,92505.0,52234.0
468,587,40271.0,92505.0,52234.0
469,585,40271.0,92505.0,52234.0
470,585,40271.0,92505.0,52234.0
471,585,40271.0,92505.0,52234.0
472,593,40271.0,92716.0,52445.0
473,590,40271.0,90964.0,50693.0
474,585,40271.0,92281.0,52010.0
475,585,40271.0,91962.0,51691.0
476,584,40271.0,91962.0,51691.0
477,587,40271.0,91962.0,51691.0
478,583,40271.0,90964.0,50693.0
479,585,40271.0,90964.0,50693.0
480,591,40271.0,90964.0,50693.0
481,585,40271.0,90964.0,50693.0
482,582,40271.0,90964.0,50693.0
483,583,40271.0,90964.0,50693.0
484,586,40271.0,90360.0,50089.0
485,585,40271.0,90360.0,50089.0
486,586,40271.0,90360.0,50089.0
487,586,40271.0,90360.0,50089.0
488,586,40271.0,90360.0,50089.0
489,588,40271.0,90360.0,50089.0
490,588,40271.0,90360.0,50089.0
491,590,40271.0,90360.0,50089.0
492,585,40271.0,90360.0,50089.0
493,588,40271.0,92967.0,52696.0
494,591,40271.0,92967.0,52696.0
495,592,40271.0,92967.0,52696.0
496,589,40271.0,92967.0,52696.0
497,588,40271.0,92967.0,52696.0
498,592,40271.0,92967.0,52696.0
499,593,40271.0,92967.0,52696.0
500,594,40271.0,92967.0,52696.0
501,591,40271.0,92364.0,52093.0
502,593,40271.0,92364.0,52093.0
503,588,40271.0,92364.0,52093.0
504,586,40271.0,92364.0,52093.0
505,587,40271.0,92364.0,52093.0
506,586,40271.0,92364.0,52093.0
507,584,40271.0,92364.0,52093.0
508,588,40271.0,92364.0,52093.0
509,588,40271.0,92364.0,52093.0
510,588,40271.0,92364.0,52093.0
511,585,40271.0,92364.0,52093.0
512,587,40271.0,92364.0,52093.0
513,587,40271.0,92364.0,52093.0
514,584,41989.0,92364.0,50375.0
515,587,41989.0,92364.0,50375.0
516,584,41989.0,92364.0,50375.0
517,580,41989.0,92364.0,50375.0
518,574,41989.0,92364.0,50375.0
519,574,41989.0,92364.0,50375.0
520,575,41989.0,92364.0,50375.0
521,575,41989.0,92364.0,50375.0
522,576,41989.0,92364.0,50375.0
523,575,41989.0,92364.0,50375.0
524,576,41989.0,92364.0,50375.0
525,576,41989.0,92364.0,50375.0
526,573,41989.0,92364.0,50375.0
527,579,41989.0,92364.0,50375.0
528,580,41989.0,92364.0,50375.0
529,577,41989.0,92364.0,50375.0
530,579,41989.0,92364.0,50375.0
531,573,41989.0,92786.0,50797.0
532,572,41989.0,92786.0,50797.0
533,576,41989.0,92786.0,50797.0
534,576,41989.0,92786.0,50797.0
535,579,41989.0,92786.0,50797.0
536,578,41989.0,92786.0,50797.0
537,577,41989.0,92786.0,50797.0
538,575,41989.0,92786.0,50797.0
539,578,41989.0,92786.0,50797.0
540,585,41989.0,92786.0,50797.0
541,584,41989.0,92786.0,50797.0
542,585,41989.0,92786.0,50797.0
543,584,41989.0,92786.0,50797.0
544,584,41989.0,92786.0,50797.0
545,586,41989.0,92786.0,50797.0
546,588,41989.0,92786.0,50797.0
547,590,41989.0,92786.0,50797.0
548,588,41989.0,92786.0,50797.0
549,588,41989.0,92786.0,50797.0
550,592,41989.0,92786.0,50797.0
551,592,41989.0,92268.0,50279.0
552,593,41989.0,92268.0,50279.0
553,589,41989.0,92268.0,50279.0
554,590,41989.0,92268.0,50279.0
555,590,41989.0,92268.0,50279.0
556,590,41989.0,92268.0,50279.0
557,588,41989.0,92268.0,50279.0
558,591,41989.0,92144.0,50155.0
559,585,41989.0,92144.0,50155.0
560,589,41989.0,92144.0,50155.0
561,581,41989.0,92144.0,50155.0
562,587,41989.0,92144.0,50155.0
563,586,41989.0,92144.0,50155.0
564,589,41989.0,92144.0,50155.0
565,585,41989.0,92675.0,50686.0
566,581,41989.0,92675.0,50686.0
567,582,41989.0,92675.0,50686.0
568,586,41989.0,92675.0,50686.0
569,583,41989.0,92675.0,50686.0
570,580,41989.0,92675.0,50686.0
571,580,41989.0,92675.0,50686.0
572,584,41989.0,92675.0,50686.0
573,583,41989.0,92675.0,50686.0
574,584,41989.0,92781.0,50792.0
575,585,41989.0,92781.0,50792.0
576,582,41989.0,92781.0,50792.0
577,581,41989.0,92781.0,50792.0
578,585,41989.0,92781.0,50792.0
579,585,41989.0,92781.0,50792.0
580,591,41989.0,92943.0,50954.0
581,592,40533.0,92943.0,52410.0
582,594,40533.0,92943.0,52410.0
583,595,40533.0,92943.0,52410.0
584,604,40533.0,92943.0,52410.0
585,602,40533.0,92943.0,52410.0
586,600,40533.0,92943.0,52410.0
587,600,40533.0,92943.0,52410.0
588,599,40533.0,92943.0,52410.0
589,590,40533.0,92781.0,52248.0
590,591,40533.0,92781.0,52248.0
591,591,40533.0,92781.0,52248.0
592,579,40531.0,92781.0,52250.0
593,578,40531.0,92781.0,52250.0
594,575,40531.0,92781.0,52250.0
595,580,40531.0,92781.0,52250.0
596,578,40531.0,92781.0,52250.0
597,577,40533.0,92781.0,52248.0
598,575,40533.0,92781.0,52248.0
599,585,40533.0,92781.0,52248.0
600,582,40533.0,92781.0,52248.0
601,582,40224.0,92781.0,52557.0
602,583,40224.0,92781.0,52557.0
603,583,40224.0,92781.0,52557.0
604,583,40224.0,92781.0,52557.0
605,585,40224.0,92781.0,52557.0
606,584,40224.0,92781.0,52557.0
607,579,40224.0,92781.0,52557.0
608,579,40224.0,92781.0,52557.0
609,581,40224.0,92781.0,52557.0
610,581,40224.0,92781.0,52557.0
611,585,40224.0,92781.0,52557.0
612,582,40224.0,92781.0,52557.0
613,579,40224.0,92781.0,52557.0
614,579,40224.0,93077.0,52853.0
615,588,40224.0,93077.0,52853.0
616,591,40224.0,93077.0,52853.0
617,586,40224.0,93077.0,52853.0
618,587,40224.0,93077.0,52853.0
619,586,40224.0,93077.0,52853.0
620,587,40224.0,93077.0,52853.0
621,580,40224.0,93077.0,52853.0
622,574,40224.0,93077.0,52853.0
623,585,40224.0,93077.0,52853.0
624,582,40224.0,93077.0,52853.0
625,572,40224.0,93084.0,52860.0
626,571,40224.0,93084.0,52860.0
627,569,40224.0,93084.0,52860.0
628,569,40224.0,93084.0,52860.0
629,567,40224.0,93084.0,52860.0
630,569,40224.0,93077.0,52853.0
631,568,40224.0,93077.0,52853.0
632,568,40224.0,93077.0,52853.0
633,569,40224.0,93077.0,52853.0
634,573,40224.0,91960.0,51736.0
635,572,40224.0,91765.0,51541.0
636,577,40224.0,91765.0,51541.0
637,576,40224.0,91765.0,51541.0
638,573,40224.0,91765.0,51541.0
639,574,40224.0,91765.0,51541.0
640,574,40224.0,91765.0,51541.0
641,582,40224.0,91765.0,51541.0
642,582,40224.0,91765.0,51541.0
643,582,40224.0,91765.0,51541.0
644,581,40224.0,91765.0,51541.0
645,581,40224.0,91765.0,51541.0
646,578,40224.0,91765.0,51541.0
647,579,40224.0,91765.0,51541.0
648,573,40224.0,91765.0,51541.0
649,575,40533.0,91765.0,51232.0
650,575,40533.0,91765.0,51232.0
651,575,40533.0,91765.0,51232.0
652,575,40533.0,91765.0,51232.0
653,574,40533.0,91765.0,51232.0
654,576,40533.0,91765.0,51232.0
655,574,40533.0,91765.0,51232.0
656,577,40533.0,91765.0,51232.0
657,575,40533.0,91765.0,51232.0
658,575,40899.0,90740.0,49841.0
659,575,40899.0,91086.0,50187.0
660,576,40899.0,91122.0,50223.0
661,572,40899.0,91122.0,50223.0
662,583,40899.0,91122.0,50223.0
663,589,40899.0,91122.0,50223.0
664,588,40899.0,91122.0,50223.0
665,586,40899.0,91122.0,50223.0
666,583,40197.0,91122.0,50925.0
667,585,40197.0,91122.0,50925.0
668,585,40197.0,91122.0,50925.0
669,585,40197.0,91122.0,50925.0
670,583,40197.0,91122.0,50925.0
671,581,40197.0,91122.0,50925.0
672,584,40197.0,91122.0,50925.0
673,577,40197.0,91122.0,50925.0
674,574,40197.0,91122.0,50925.0
675,574,40197.0,91122.0,50925.0
676,575,40197.0,92410.0,52213.0
677,574,40197.0,92410.0,52213.0
678,576,43245.0,92410.0,49165.0
679,574,43245.0,92410.0,49165.0
680,577,43245.0,91808.0,48563.0
681,576,43245.0,91808.0,48563.0
682,576,42946.0,91808.0,48862.0
683,575,42946.0,91122.0,48176.0
684,576,41985.0,91122.0,49137.0
685,577,41985.0,91122.0,49137.0
686,579,41985.0,91122.0,49137.0
687,582,41985.0,91122.0,49137.0
688,585,41985.0,91122.0,49137.0
689,584,41985.0,91122.0,49137.0
690,589,41985.0,91122.0,49137.0
691,590,41824.0,91122.0,49298.0
692,600,41824.0,91122.0,49298.0
693,602,41824.0,91122.0,49298.0
694,601,41824.0,91122.0,49298.0
695,608,41824.0,91122.0,49298.0
696,607,41824.0,91122.0,49298.0
697,591,41824.0,91122.0,49298.0
698,605,41824.0,93059.0,51235.0
699,603,41824.0,93059.0,51235.0
700,585,41824.0,91122.0,49298.0
701,593,41824.0,91354.0,49530.0
702,592,41824.0,91354.0,49530.0
703,608,41824.0,91354.0,49530.0
704,608,41824.0,91354.0,49530.0
705,607,41824.0,91354.0,49530.0
706,600,41824.0,90740.0,48916.0
707,600,41824.0,90740.0,48916.0
708,603,41824.0,90740.0,48916.0
709,609,41133.0,90740.0,49607.0
710,610,41133.0,90740.0,49607.0
711,612,41133.0,90740.0,49607.0
712,606,41824.0,90740.0,48916.0
713,606,41985.0,90740.0,48755.0
714,605,41985.0,90740.0,48755.0
715,604,41985.0,90740.0,48755.0
716,605,41985.0,90740.0,48755.0
717,608,41985.0,90740.0,48755.0
718,608,41985.0,90740.0,48755.0
719,606,41985.0,90740.0,48755.0
720,603,41925.0,90740.0,48815.0
721,588,41925.0,90740.0,48815.0
722,587,41925.0,90740.0,48815.0
723,589,41925.0,90740.0,48815.0
724,588,41925.0,90740.0,48815.0
725,591,41925.0,91490.0,49565.0
726,591,41925.0,91490.0,49565.0
727,590,41925.0,91490.0,49565.0
728,590,41925.0,93114.0,51189.0
729,592,41925.0,93114.0,51189.0
730,598,41925.0,93114.0,51189.0
731,595,41925.0,93114.0,51189.0
732,593,41925.0,93114.0,51189.0
733,596,41925.0,93114.0,51189.0
734,600,41925.0,93114.0,51189.0
735,593,41925.0,93114.0,51189.0
736,593,41925.0,93114.0,51189.0
737,588,41925.0,93114.0,51189.0
738,588,41925.0,93114.0,51189.0
739,584,41925.0,93114.0,51189.0
740,585,41190.0,93114.0,51924.0
741,585,41190.0,93114.0,51924.0
742,588,41190.0,93114.0,51924.0
743,584,41190.0,93114.0,51924.0
744,580,40924.0,93114.0,52190.0
745,582,40924.0,93114.0,52190.0
746,585,40924.0,93114.0,52190.0
747,587,40924.0,93114.0,52190.0
748,587,40924.0,92318.0,51394.0
749,586,40924.0,92318.0,51394.0
750,584,40924.0,92318.0,51394.0
751,586,40924.0,92318.0,51394.0
752,581,40924.0,92318.0,51394.0
753,575,40924.0,92318.0,51394.0
754,577,40924.0,92482.0,51558.0
755,578,40924.0,92482.0,51558.0
756,577,40884.0,92482.0,51598.0
757,578,40884.0,92482.0,51598.0
758,568,40884.0,92482.0,51598.0
759,572,40738.0,92482.0,51744.0
760,572,40884.0,92482.0,51598.0
761,569,40884.0,92482.0,51598.0
762,571,40884.0,92482.0,51598.0
763,565,40884.0,92482.0,51598.0
764,558,40884.0,92482.0,51598.0
765,556,40884.0,92318.0,51434.0
766,562,40884.0,92318.0,51434.0
767,565,40884.0,90354.0,49470.0
768,561,40884.0,90354.0,49470.0
769,560,40884.0,92492.0,51608.0
770,565,40884.0,92492.0,51608.0
771,565,40884.0,92492.0,51608.0
772,574,40884.0,92492.0,51608.0
773,574,40884.0,92492.0,51608.0
774,575,40884.0,92492.0,51608.0
775,574,40778.0,92492.0,51714.0
776,572,40778.0,92492.0,51714.0
777,565,40778.0,92492.0,51714.0
778,566,40778.0,92492.0,51714.0
779,567,40778.0,92492.0,51714.0
780,564,40778.0,92492.0,51714.0
781,564,40778.0,92492.0,51714.0
782,563,40778.0,92492.0,51714.0
783,565,40778.0,91472.0,50694.0
784,567,40778.0,91472.0,50694.0
785,567,40778.0,91472.0,50694.0
786,573,40778.0,93098.0,52320.0
787,569,40778.0,93098.0,52320.0
788,570,40778.0,93098.0,52320.0
789,571,40778.0,93098.0,52320.0
790,571,40778.0,93098.0,52320.0
791,572,40778.0,93098.0,52320.0
792,576,40778.0,93098.0,52320.0
793,576,40778.0,93098.0,52320.0
794,570,40778.0,91149.0,50371.0
795,573,40778.0,91149.0,50371.0
796,574,40778.0,91149.0,50371.0
797,573,40778.0,91149.0,50371.0
798,577,40778.0,91149.0,50371.0
799,577,40778.0,92461.0,51683.0
800,573,40778.0,92461.0,51683.0
801,574,40778.0,92461.0,51683.0
802,573,40778.0,92461.0,51683.0
803,574,40778.0,92461.0,51683.0
804,574,40778.0,92461.0,51683.0
805,572,40778.0,92461.0,51683.0
806,568,40778.0,92461.0,51683.0
807,570,40778.0,92461.0,51683.0
808,570,40778.0,92461.0,51683.0
809,569,40778.0,92461.0,51683.0
810,568,40778.0,92461.0,51683.0
811,577,40778.0,92461.0,51683.0
812,577,40884.0,92461.0,51577.0
813,572,40884.0,92461.0,51577.0
814,568,40884.0,92461.0,51577.0
815,563,40884.0,92461.0,51577.0
816,564,40877.0,92461.0,51584.0
817,570,40877.0,92910.0,52033.0
818,559,40877.0,92910.0,52033.0
819,560,40877.0,92910.0,52033.0
820,558,40877.0,92910.0,52033.0
821,555,40877.0,92910.0,52033.0
822,561,40877.0,92910.0,52033.0
823,564,40877.0,92910.0,52033.0
824,564,40877.0,92910.0,52033.0
825,563,40877.0,92910.0,52033.0
826,563,40877.0,92910.0,52033.0
827,568,40877.0,92910.0,52033.0
828,567,40877.0,92910.0,52033.0
829,568,40877.0,92931.0,52054.0
830,567,40877.0,92931.0,52054.0
831,566,40877.0,92931.0,52054.0
832,567,40877.0,92931.0,52054.0
833,572,40858.0,92931.0,52073.0
834,573,40858.0,92931.0,52073.0
835,568,40858.0,92931.0,52073.0
836,568,40858.0,92931.0,52073.0
837,563,40858.0,92931.0,52073.0
838,569,40858.0,92931.0,52073.0
839,570,40858.0,92931.0,52073.0
840,570,40858.0,92931.0,52073.0
841,568,40858.0,92931.0,52073.0
842,565,40858.0,92931.0,52073.0
843,565,40858.0,92931.0,52073.0
844,569,40858.0,92931.0,52073.0
845,577,40858.0,92931.0,52073.0
846,574,40858.0,92931.0,52073.0
847,577,40858.0,92931.0,52073.0
848,577,40858.0,92931.0,52073.0
849,578,40858.0,92931.0,52073.0
850,578,40858.0,92931.0,52073.0
851,579,40858.0,92931.0,52073.0
852,582,40858.0,92931.0,52073.0
853,584,40858.0,92931.0,52073.0
854,580,40858.0,92931.0,52073.0
855,577,40858.0,92931.0,52073.0
856,585,40858.0,92931.0,52073.0
857,586,40858.0,92931.0,52073.0
858,586,40858.0,92931.0,52073.0
859,582,40880.0,92931.0,52051.0
860,581,40880.0,92931.0,52051.0
861,590,40880.0,92931.0,52051.0
862,589,40880.0,92931.0,52051.0
863,587,40880.0,92931.0,52051.0
864,589,40880.0,92931.0,52051.0
865,587,40880.0,92931.0,52051.0
866,586,40880.0,92931.0,52051.0
867,578,40880.0,92931.0,52051.0
868,582,40880.0,92931.0,52051.0
869,584,40880.0,92931.0,52051.0
870,584,40880.0,92931.0,52051.0
871,587,40880.0,92931.0,52051.0
872,589,40880.0,92931.0,52051.0
873,587,40880.0,92931.0,52051.0
874,583,40880.0,92931.0,52051.0
875,587,40880.0,92931.0,52051.0
876,591,40880.0,92931.0,52051.0
877,587,40880.0,92931.0,52051.0
878,585,40880.0,92931.0,52051.0
879,584,40880.0,92931.0,52051.0
880,581,40880.0,92931.0,52051.0
881,581,40880.0,92931.0,52051.0
882,578,40880.0,92931.0,52051.0
883,581,40880.0,92931.0,52051.0
884,583,40880.0,92931.0,52051.0
885,580,40880.0,92931.0,52051.0
886,586,40880.0,92931.0,52051.0
887,589,40880.0,92931.0,52051.0
888,588,40880.0,92931.0,52051.0
889,584,40880.0,92931.0,52051.0
890,581,40880.0,92931.0,52051.0
891,583,41045.0,92931.0,51886.0
892,580,41045.0,92931.0,51886.0
893,585,41045.0,92931.0,51886.0
894,586,41045.0,92931.0,51886.0
895,590,41045.0,92931.0,51886.0
896,590,41045.0,92931.0,51886.0
897,595,40325.0,92931.0,52606.0
898,600,40325.0,92461.0,52136.0
899,598,40325.0,92461.0,52136.0
900,598,40325.0,92461.0,52136.0
901,601,40325.0,92461.0,52136.0
902,596,40325.0,92461.0,52136.0
903,594,40325.0,92461.0,52136.0
904,592,40325.0,92461.0,52136.0
905,590,40325.0,92461.0,52136.0
906,588,40325.0,92461.0,52136.0
907,589,40325.0,91836.0,51511.0
908,590,41045.0,91611.0,50566.0
909,591,41045.0,91611.0,50566.0
910,589,41045.0,91611.0,50566.0
911,590,41045.0,91611.0,50566.0
912,593,41045.0,91611.0,50566.0
913,593,41045.0,91611.0,50566.0
914,593,41045.0,91611.0,50566.0
915,596,41045.0,91611.0,50566.0
916,596,41045.0,91611.0,50566.0
917,596,41045.0,91611.0,50566.0
918,587,41045.0,91611.0,50566.0
919,587,41045.0,91611.0,50566.0
920,588,41045.0,91611.0,50566.0
921,590,41045.0,91611.0,50566.0
922,588,41045.0,91611.0,50566.0
923,589,41045.0,91611.0,50566.0
924,589,41045.0,91611.0,50566.0
925,589,41045.0,91611.0,50566.0
926,588,41045.0,91623.0,50578.0
927,586,41045.0,91623.0,50578.0
928,586,41045.0,91623.0,50578.0
929,588,41045.0,91623.0,50578.0
930,593,41045.0,91623.0,50578.0
931,595,41045.0,91623.0,50578.0
932,591,41045.0,91623.0,50578.0
933,590,41045.0,90455.0,49410.0
934,591,41045.0,90455.0,49410.0
935,588,41045.0,90455.0,49410.0
936,587,41045.0,90455.0,49410.0
937,585,40886.0,90455.0,49569.0
938,583,40886.0,90455.0,49569.0
939,583,40886.0,90455.0,49569.0
940,579,40886.0,90455.0,49569.0
941,579,40886.0,92816.0,51930.0
942,579,40886.0,92816.0,51930.0
943,581,40886.0,92816.0,51930.0
944,580,40886.0,92816.0,51930.0
945,581,40886.0,92816.0,51930.0
946,581,40886.0,92816.0,51930.0
947,581,40886.0,92816.0,51930.0
948,579,40886.0,92816.0,51930.0
949,577,40886.0,92816.0,51930.0
950,580,40886.0,92816.0,51930.0
951,584,41425.0,92816.0,51391.0
952,583,41425.0,92816.0,51391.0
953,585,42654.0,92816.0,50162.0
954,590,42654.0,92816.0,50162.0
955,590,42654.0,92816.0,50162.0
956,588,42654.0,92816.0,50162.0
957,589,42654.0,92816.0,50162.0
958,591,42654.0,92816.0,50162.0
959,588,42654.0,92816.0,50162.0
960,589,42654.0,92816.0,50162.0
961,586,42654.0,92816.0,50162.0
962,586,42654.0,92816.0,50162.0
963,586,42654.0,92816.0,50162.0
964,585,42654.0,92816.0,50162.0
965,585,40824.0,92816.0,51992.0
966,585,40824.0,92816.0,51992.0
967,586,40824.0,92816.0,51992.0
968,587,40824.0,92816.0,51992.0
969,590,40824.0,92816.0,51992.0
970,590,40824.0,92816.0,51992.0
971,589,40824.0,92816.0,51992.0
972,590,40824.0,92816.0,51992.0
973,590,40824.0,92816.0,51992.0
974,587,40824.0,92816.0,51992.0
975,588,40824.0,92816.0,51992.0
976,587,40824.0,92816.0,51992.0
977,588,40824.0,92816.0,51992.0
978,594,40824.0,92816.0,51992.0
979,595,40824.0,92816.0,51992.0
980,599,41566.0,92381.0,50815.0
981,601,41566.0,92381.0,50815.0
982,601,41566.0,92381.0,50815.0
983,603,41566.0,92381.0,50815.0
984,604,41566.0,92381.0,50815.0
985,604,41566.0,92381.0,50815.0
986,607,41566.0,92381.0,50815.0
987,606,41566.0,92381.0,50815.0
988,609,41566.0,92381.0,50815.0
989,608,41566.0,92381.0,50815.0
990,608,41566.0,92381.0,50815.0
991,607,41566.0,92381.0,50815.0
992,607,41566.0,92381.0,50815.0
993,613,41566.0,92381.0,50815.0
994,610,41566.0,92015.0,50449.0
995,612,41361.0,92015.0,50654.0
996,613,41361.0,92015.0,50654.0
997,612,41361.0,92015.0,50654.0
998,615,42654.0,92015.0,49361.0
999,611,42654.0,92015.0,49361.0
1000,607,42654.0,92015.0,49361.0
